{
    "Sellion": [
      -0.055310000000000005,
      -0.0319,
      0.71
    ],
    "Rt. Infraorbitale": [
      -0.06712,
      -0.0009,
      0.684
    ],
    "Lt. Infraorbitale": [
      -0.01859,
      -0.05268,
      0.684
    ],
    "Supramenton": [
      -0.05172,
      -0.041979999999999996,
      0.612
    ],
    "Rt. Tragion": [
      -0.04238,
      0.08939,
      0.688
    ],
    "Rt. Gonion": [
      -0.03979,
      0.07390000000000001,
      0.594
    ],
    "Lt. Tragion": [
      0.07254000000000001,
      -0.03785,
      0.686
    ],
    "Lt. Gonion": [
      0.04579,
      -0.03615,
      0.594
    ],
    "Nuchale": [
      0.08234999999999999,
      0.08862,
      0.658
    ],
    "Rt. Clavicale": [
      -0.01528,
      0.02609,
      0.488
    ],
    "Suprasternale": [
      -0.0038399999999999997,
      0.00784,
      0.478
    ],
    "Lt. Clavicale": [
      0.01687,
      -0.01045,
      0.488
    ],
    "Rt. Thelion/Bustpoint": [
      -0.13838,
      0.07325,
      0.334
    ],
    "Lt. Thelion/Bustpoint": [
      0.026010000000000002,
      -0.13431,
      0.33
    ],
    "Substernale": [
      -0.07271,
      -0.04236,
      0.248
    ],
    "Rt. 10th Rib": [
      -0.09121142327785492,
      0.09541160613298416,
      0.1210465058684349
    ],
    "Rt. ASIS": [
      -0.0762,
      0.11076000000000001,
      0.01
    ],
    "Lt. 10th Rib": [
      0.05171805992722511,
      -0.09450271725654602,
      0.12168324738740921
    ],
    "Lt. ASIS": [
      0.09262000000000001,
      -0.09895999999999999,
      0.026
    ],
    "Rt. Iliocristale": [
      -0.03696,
      0.22,
      0.084
    ],
    "Rt. Trochanterion": [
      -0.004059999999999999,
      0.23911000000000002,
      -0.034
    ],
    "Lt. Iliocristale": [
      0.19679,
      -0.07357,
      0.096
    ],
    "Lt. Trochanterion": [
      0.221,
      -0.06776,
      -0.04
    ],
    "Cervicale": [
      0.09146,
      0.09326000000000001,
      0.586
    ],
    "10th Rib Midspine": [
      0.1302579641342163,
      0.1249336376786232,
      0.18578703701496124
    ],
    "Rt. PSIS": [
      0.15972,
      0.1743,
      0.054
    ],
    "Lt. PSIS": [
      0.19404,
      0.12742,
      0.054
    ],
    "Waist, Preferred, Post.": [
      0.14583000000000002,
      0.12249,
      0.112
    ],
    "Rt. Acromion": [
      -0.07278,
      0.24638,
      0.514
    ],
    "Rt. Axilla, Ant.": [
      -0.11771,
      0.19056,
      0.406
    ],
    "Rt. Radial Styloid": [
      -0.22734000000000001,
      0.3624,
      -0.058
    ],
    "Rt. Axilla, Post.": [
      -0.006809999999999999,
      0.29583,
      0.39
    ],
    "Rt. Olecranon": [
      -0.06128,
      0.35974,
      0.19
    ],
    "Rt. Humeral Lateral Epicn": [
      -0.11152,
      0.3585,
      0.214
    ],
    "Rt. Humeral Medial Epicn": [
      -0.052840000000000005,
      0.32696,
      0.182
    ],
    "Rt. Radiale": [
      -0.11106999999999999,
      0.36022000000000004,
      0.198
    ],
    "Rt. Metacarpal Phal. II": [
      -0.25981,
      0.38235,
      -0.15
    ],
    "Rt. Dactylion": [
      -0.26148000000000005,
      0.43409,
      -0.238
    ],
    "Rt. Ulnar Styloid": [
      -0.18303,
      0.41261000000000003,
      -0.056
    ],
    "Rt. Metacarpal Phal. V": [
      -0.18112,
      0.43368,
      -0.134
    ],
    "Lt. Acromion": [
      0.20993,
      -0.08721999999999999,
      0.508
    ],
    "Lt. Axilla, Ant.": [
      0.14833000000000002,
      -0.13390000000000002,
      0.398
    ],
    "Lt. Radial Styloid": [
      0.27466,
      -0.30461,
      -0.052
    ],
    "Lt. Axilla, Post.": [
      0.25509,
      -0.03385,
      0.382
    ],
    "Lt. Olecranon": [
      0.30313999999999997,
      -0.12808,
      0.186
    ],
    "Lt. Humeral Lateral Epicn": [
      0.28782,
      -0.17085,
      0.212
    ],
    "Lt. Humeral Medial Epicn": [
      0.26564,
      -0.1026,
      0.178
    ],
    "Lt. Radiale": [
      0.28762,
      -0.17552,
      0.196
    ],
    "Lt. Metacarpal Phal. II": [
      0.28414999999999996,
      -0.34487,
      -0.136
    ],
    "Lt. Dactylion": [
      0.34236,
      -0.36307999999999996,
      -0.23
    ],
    "Lt. Ulnar Styloid": [
      0.32873,
      -0.27198,
      -0.05
    ],
    "Lt. Metacarpal Phal. V": [
      0.3482,
      -0.27847000000000005,
      -0.13
    ],
    "Rt. Knee Crease": [
      0.08083,
      0.20892,
      -0.484
    ],
    "Rt. Femoral Lateral Epicn": [
      0.014119999999999999,
      0.20868,
      -0.47
    ],
    "Rt. Femoral Medial Epicn": [
      0.05659,
      0.08936,
      -0.482
    ],
    "Rt. Metatarsal Phal. V": [
      -0.06613,
      0.19608,
      -0.986
    ],
    "Rt. Lateral Malleolus": [
      0.051590000000000004,
      0.2043,
      -0.924
    ],
    "Rt. Medial Malleolus": [
      0.06379,
      0.12668000000000001,
      -0.91
    ],
    "Rt. Sphyrion": [
      0.062450000000000006,
      0.12279999999999999,
      -0.932
    ],
    "Rt. Metatarsal Phal. I": [
      -0.06317,
      0.07715000000000001,
      -0.98
    ],
    "Rt. Calcaneous, Post.": [
      0.11729,
      0.19212,
      -0.958
    ],
    "Rt. Digit II": [
      -0.14705000000000001,
      0.11261,
      -0.998
    ],
    "Lt. Knee Crease": [
      0.21734,
      0.01735,
      -0.488
    ],
    "Lt. Femoral Lateral Epicn": [
      0.19763,
      -0.0583,
      -0.474
    ],
    "Lt. Femoral Medial Epicn": [
      0.10583,
      0.02392,
      -0.486
    ],
    "Lt. Metatarsal Phal. V": [
      0.14873,
      -0.13426,
      -0.986
    ],
    "Lt. Lateral Malleolus": [
      0.21037,
      -0.01587,
      -0.92
    ],
    "Lt. Medial Malleolus": [
      0.13606000000000001,
      0.01878,
      -0.908
    ],
    "Lt. Sphyrion": [
      0.14356,
      0.0275,
      -0.928
    ],
    "Lt. Metatarsal Phal. I": [
      0.05631,
      -0.07866,
      -0.98
    ],
    "Lt. Calcaneous, Post.": [
      0.22408,
      0.0503,
      -0.956
    ],
    "Lt. Digit II": [
      0.05416,
      -0.16984,
      -0.994
    ],
    "Crotch": [
      0.10847,
      0.085675,
      -0.182
    ]
  }